<?xml version="1.0" encoding="UTF-8" standalone="yes"?>
<addon id="plugin.program.ODPrivatewizard" name="ODPrivatewizard" version="18.4" provider-name="MrOnDemand">
  <requires>
    <import addon="xbmc.python" version="2.1.0"/>
  </requires>
  <extension point="xbmc.python.pluginsource" library="default.py">
    <provides>executable</provides>
  </extension>
  <extension point="xbmc.service" library="startup.py" start="startup" />
  <extension point="xbmc.addon.metadata">
    <summary lang="en">Ondemand</summary>
    <description lang="en">The Ondemand Wizard gives you access to the top ranked kodi builds from Mr. On Demand</description>
    <platform>all</platform>
  </extension>
</addon>
